-- INSERT INTO lessons(id, title) VALUES (1, 'Математика');
-- INSERT INTO lessons(id, title) VALUES (2, 'ОПП');
-- INSERT INTO lessons(id, title) VALUES (3, 'Основы программирования');
-- INSERT INTO lessons(id, title) VALUES (4, 'Русский язык');
-- INSERT INTO lessons(id, title) VALUES (5, 'Английский язык');
--
INSERT INTO days(id, title, abbreviated) VALUES (1, 'Понедельник', 'пн');
INSERT INTO days(id, title, abbreviated) VALUES (2, 'Вторник', 'вт');
INSERT INTO days(id, title, abbreviated) VALUES (3, 'Среда', 'ср');
INSERT INTO days(id, title, abbreviated) VALUES (4, 'Четверг', 'чт');
INSERT INTO days(id, title, abbreviated) VALUES (5, 'Пятница', 'пт');
INSERT INTO days(id, title, abbreviated) VALUES (6, 'Суббота', 'сб');
INSERT INTO days(id, title, abbreviated) VALUES (7, 'Воскресенье', 'вс');
--
-- INSERT INTO groups(id, title) VALUES (1, 'РПЗ-09');
-- INSERT INTO groups(id, title) VALUES (2, 'РПЗ-10');
--
-- INSERT INTO group_lessons(group_id, lesson_id) VALUES (1, 1);
-- INSERT INTO group_lessons(group_id, lesson_id) VALUES (1, 2);
-- INSERT INTO group_lessons(group_id, lesson_id) VALUES (1, 3);
-- INSERT INTO group_lessons(group_id, lesson_id) VALUES (1, 4);
-- INSERT INTO group_lessons(group_id, lesson_id) VALUES (1, 5);
--
-- INSERT INTO group_lessons(group_id, lesson_id) VALUES (2, 1);
-- INSERT INTO group_lessons(group_id, lesson_id) VALUES (2, 2);
-- INSERT INTO group_lessons(group_id, lesson_id) VALUES (2, 3);
-- INSERT INTO group_lessons(group_id, lesson_id) VALUES (2, 4);
-- INSERT INTO group_lessons(group_id, lesson_id) VALUES (2, 5);
--
-- INSERT INTO teachers(id, name) VALUES (1, 'Петров И.И.');
-- INSERT INTO teachers(id, name) VALUES (2, 'Иванов И.И.');
--
-- INSERT INTO teacher_lessons(teacher_id, lesson_id) VALUES (1, 1);
-- INSERT INTO teacher_lessons(teacher_id, lesson_id) VALUES (1, 2);
-- INSERT INTO teacher_lessons(teacher_id, lesson_id) VALUES (1, 3);
-- INSERT INTO teacher_lessons(teacher_id, lesson_id) VALUES (2, 4);
-- INSERT INTO teacher_lessons(teacher_id, lesson_id) VALUES (2, 5);
--
-- INSERT INTO students(id, name, group_id) VALUES (1, 'Соколов И.И.', 1);
-- INSERT INTO students(id, name, group_id) VALUES (2, 'Ветров И.И.', 1);
-- INSERT INTO students(id, name, group_id) VALUES (3, 'Иванов И.И.', 1);
--
-- INSERT INTO students(id, name, group_id) VALUES (4, 'Земелько И.И.', 2);
-- INSERT INTO students(id, name, group_id) VALUES (5, 'Одуванчиков И.И.', 2);
-- INSERT INTO students(id, name, group_id) VALUES (6, 'Окнонников И.И.', 2);
--
-- INSERT INTO timetables(id, group_id, lesson_id, day_id) VALUES (1, 1, 1, 1);
-- INSERT INTO timetables(id, group_id, lesson_id, day_id) VALUES (2, 1, 2, 1);
-- INSERT INTO timetables(id, group_id, lesson_id, day_id) VALUES (3, 1, 3, 1);
--
-- INSERT INTO timetables(id, group_id, lesson_id, day_id) VALUES (4, 1, 1, 2);
-- INSERT INTO timetables(id, group_id, lesson_id, day_id) VALUES (5, 1, 2, 2);
-- INSERT INTO timetables(id, group_id, lesson_id, day_id) VALUES (6, 1, 3, 2);
--
-- INSERT INTO timetables(id, group_id, lesson_id, day_id) VALUES (7, 1, 1, 3);
-- INSERT INTO timetables(id, group_id, lesson_id, day_id) VALUES (8, 1, 2, 3);
-- INSERT INTO timetables(id, group_id, lesson_id, day_id) VALUES (9, 1, 3, 3);
--
-- INSERT INTO timetables(id, group_id, lesson_id, day_id) VALUES (10, 1, 1, 4);
-- INSERT INTO timetables(id, group_id, lesson_id, day_id) VALUES (11, 1, 2, 4);
-- INSERT INTO timetables(id, group_id, lesson_id, day_id) VALUES (12, 1, 3, 4);
--
-- INSERT INTO timetables(id, group_id, lesson_id, day_id) VALUES (13, 1, 1, 5);
-- INSERT INTO timetables(id, group_id, lesson_id, day_id) VALUES (14, 1, 2, 5);
-- INSERT INTO timetables(id, group_id, lesson_id, day_id) VALUES (15, 1, 3, 5);
--
-- INSERT INTO timetables(id, group_id, lesson_id, day_id) VALUES (16, 2, 1, 1);
-- INSERT INTO timetables(id, group_id, lesson_id, day_id) VALUES (17, 2, 2, 1);
-- INSERT INTO timetables(id, group_id, lesson_id, day_id) VALUES (18, 2, 3, 1);
--
-- INSERT INTO timetables(id, group_id, lesson_id, day_id) VALUES (19, 2, 1, 2);
-- INSERT INTO timetables(id, group_id, lesson_id, day_id) VALUES (20, 2, 2, 2);
-- INSERT INTO timetables(id, group_id, lesson_id, day_id) VALUES (21, 2, 3, 2);
--
-- INSERT INTO timetables(id, group_id, lesson_id, day_id) VALUES (22, 2, 1, 3);
-- INSERT INTO timetables(id, group_id, lesson_id, day_id) VALUES (23, 2, 2, 3);
-- INSERT INTO timetables(id, group_id, lesson_id, day_id) VALUES (24, 2, 3, 3);
--
-- INSERT INTO timetables(id, group_id, lesson_id, day_id) VALUES (25, 2, 1, 4);
-- INSERT INTO timetables(id, group_id, lesson_id, day_id) VALUES (26, 2, 2, 4);
-- INSERT INTO timetables(id, group_id, lesson_id, day_id) VALUES (27, 2, 3, 4);
--
-- INSERT INTO timetables(id, group_id, lesson_id, day_id) VALUES (28, 2, 1, 5);
-- INSERT INTO timetables(id, group_id, lesson_id, day_id) VALUES (29, 2, 2, 5);
-- INSERT INTO timetables(id, group_id, lesson_id, day_id) VALUES (30, 2, 3, 5);